<?xml version="1.0"?>
<!--<!DOCTYPE metadata SYSTEM "http://www.esri.com/metadata/esriprof80.dtd">-->
<metadata xml:lang="en"><Esri><MetaID>{4BE18864-9057-4EED-AB75-75BFF86D8561}</MetaID><CreaDate>20090310</CreaDate><CreaTime>10003000</CreaTime><SyncOnce>TRUE</SyncOnce><DataProperties><lineage><Process Name="DEMToRaster_1" ToolSource="C:\Program Files\ArcGIS\ArcToolbox\Toolboxes\Conversion Tools.tbx\DEMToRaster" Date="20090310" Time="100030">DEMToRaster F:\Calvin\GISDataDepot\Texas\BigBend\TheBasin\DEM\g290346\g290346.dem F:\Calvin\GISDataDepot\Texas\BigBend\TheBasin\DEM\g290346\the_basin_BB FLOAT 1</Process></lineage></DataProperties></Esri></metadata>
