<?xml version="1.0" encoding="UTF-8"?>
<metadata xml:lang="en"><Esri><CreaDate>20120907</CreaDate><CreaTime>14515000</CreaTime><ArcGISFormat>1.0</ArcGISFormat><SyncOnce>TRUE</SyncOnce><DataProperties><itemProps><itemLocation><linkage Sync="TRUE">file://\\ACADIA\HOME\USERS\JEV35\Calvin\g261\LabMaster\LabData\lab2_working\Lab2\Cntry94</linkage><protocol Sync="TRUE">Local Area Network</protocol></itemLocation></itemProps><copyHistory><copy source="h:\Calvin\g261\LabMaster\LabData\lab2_working\LAB\Lab2\Lab2\Cntry94" dest="\\ACADIA\HOME\USERS\JEV35\Calvin\g261\LabMaster\LabData\lab2_working\Lab2\Cntry94" date="20120907" time="14515000"></copy></copyHistory></DataProperties></Esri></metadata>
